R[Ω],L[H],C[F],rmse_db,rmse_phase_deg
79.99999999248197,1.1579918512706915e-10,7.471327597738998e-11,17.557514629144528,2.70159364062184
