R[Ω],L[H],C[F],rmse_db,rmse_phase_deg
38.32965516977715,2.099173456809509e-10,2.8711259376643725e-11,4.598291216831913,312.7046258216311
